farisnyannyan,301f9a3c-28ac-4c2e-83c6-61d1a73c9cf7
xbloodywolvesx,f83888b7-977a-4bf9-9db2-abf7b0ecd558
fable5aka,4e69f140-e4d5-45c5-b0a4-d35765067e7c
saucygamer,f49531f2-1ea1-4a10-906f-a94132e65abc
acraft125,ae2fd083-5113-495e-bf29-6ae82bb11b2d
zatchz,af5ccb0d-6903-4a0f-827f-787103230908
mtl_anthrax,a95ec9d9-b008-4e6e-a720-fc7e7e6916ed
pronav5000,664aaf87-d14f-4a34-9fd3-ea7776c794f7
cybertron14,d2373e2c-222d-48b8-8da3-15500e08eba6
thanosbro,6b98a078-27d9-47d7-aa56-fb272dc736e0
ervoe,6bd03d5c-1a21-4947-a6bb-dcefe59ded42
wojtexu,a7890ee0-e7f2-4826-aa3b-773848a369a0
razorclawturbo,128e3f05-13d0-4cef-b30e-5f441d586cc0
